{
  "model_name": "Dual_Branch",
  "binary_classification": {
    "roc_auc": 0.49020993572120125,
    "pr_auc": 0.5035358966749894,
    "accuracy": 0.5,
    "precision": 0.5,
    "recall": 0.005139500734214391,
    "f1": 0.010174418604651164,
    "threshold": 5.137435511837391,
    "confusion_matrix": [
      [
        1355,
        7
      ],
      [
        1355,
        7
      ]
    ],
    "tn": 1355,
    "fp": 7,
    "fn": 1355,
    "tp": 7
  },
  "multiclass_classification": {
    "class_0": {
      "label": 0,
      "roc_auc": 0.5097900642787988,
      "pr_auc": 0.49901540382796816,
      "precision": 0.515495867768595,
      "recall": 0.7327459618208517,
      "f1": 0.6052152819890843,
      "threshold": -0.5601586942005479,
      "n_samples": 1362
    },
    "class_1": {
      "label": 1,
      "roc_auc": 0.5658869902950049,
      "pr_auc": 0.08611048875552466,
      "precision": 0.08909574468085106,
      "recall": 0.41358024691358025,
      "f1": 0.14660831509846828,
      "threshold": 0.496531161843368,
      "n_samples": 162
    },
    "class_2": {
      "label": 2,
      "roc_auc": 0.5106300029032391,
      "pr_auc": 0.016576828416715365,
      "precision": 0.020938023450586266,
      "recall": 0.5555555555555556,
      "f1": 0.04035512510088781,
      "threshold": 0.016835139860597453,
      "n_samples": 45
    },
    "class_3": {
      "label": 3,
      "roc_auc": 0.6599141009263823,
      "pr_auc": 0.027713916834513085,
      "precision": 0.020708082832331328,
      "recall": 0.8378378378378378,
      "f1": 0.04041720990873533,
      "threshold": -0.2315019652503515,
      "n_samples": 37
    },
    "class_4": {
      "label": 4,
      "roc_auc": 0.4670831290109375,
      "pr_auc": 0.0312821264241209,
      "precision": 0.041474654377880185,
      "recall": 0.10112359550561797,
      "f1": 0.058823529411764705,
      "threshold": 1.8200366415443356,
      "n_samples": 89
    },
    "class_5": {
      "label": 5,
      "roc_auc": 0.375786233167966,
      "pr_auc": 0.019223177424288272,
      "precision": 0.025203854707190512,
      "recall": 1.0,
      "f1": 0.049168474331164135,
      "threshold": -1.3831514774961444,
      "n_samples": 68
    },
    "class_6": {
      "label": 6,
      "roc_auc": 0.4787834651130532,
      "pr_auc": 0.019320027602065012,
      "precision": 0.0228310502283105,
      "recall": 0.2777777777777778,
      "f1": 0.04219409282700422,
      "threshold": 0.6411452930602307,
      "n_samples": 54
    },
    "class_7": {
      "label": 7,
      "roc_auc": 0.4875392662771557,
      "pr_auc": 0.18857477906663947,
      "precision": 0.2661290322580645,
      "recall": 0.06432748538011696,
      "f1": 0.10361067503924647,
      "threshold": 2.513592778434742,
      "n_samples": 513
    },
    "class_8": {
      "label": 8,
      "roc_auc": 0.48230438103855827,
      "pr_auc": 0.04283018865885556,
      "precision": 0.0486322188449848,
      "recall": 0.41025641025641024,
      "f1": 0.08695652173913043,
      "threshold": 0.1980334790103963,
      "n_samples": 117
    },
    "class_9": {
      "label": 9,
      "roc_auc": 0.518481496773072,
      "pr_auc": 0.007695405284787562,
      "precision": 0.011286681715575621,
      "recall": 0.29411764705882354,
      "f1": 0.021739130434782608,
      "threshold": 1.0734464482096937,
      "n_samples": 17
    },
    "class_10": {
      "label": 10,
      "roc_auc": 0.4587994941142134,
      "pr_auc": 0.006436035247424679,
      "precision": 0.008412197686645636,
      "recall": 0.8421052631578947,
      "f1": 0.01665799062988027,
      "threshold": -0.5396962768151756,
      "n_samples": 19
    },
    "class_11": {
      "label": 11,
      "roc_auc": 0.4243868033164441,
      "pr_auc": 0.015757412381451237,
      "precision": 0.0193596425912137,
      "recall": 1.0,
      "f1": 0.03798392987582177,
      "threshold": -1.346642201884937,
      "n_samples": 52
    },
    "class_12": {
      "label": 12,
      "roc_auc": 0.5038184986902935,
      "pr_auc": 0.07584901039428005,
      "precision": 0.07378129117259552,
      "recall": 0.8888888888888888,
      "f1": 0.1362530413625304,
      "threshold": -0.8189343224118214,
      "n_samples": 189
    }
  },
  "summary": {
    "total_samples": 2724,
    "normal_samples": 1362,
    "anomaly_samples": 1362,
    "best_roc_auc": 0.49020993572120125,
    "best_pr_auc": 0.5035358966749894,
    "best_f1": 0.010174418604651164
  }
}