{
  "model_name": "Dual_Branch",
  "binary_classification": {
    "roc_auc": 0.4756450520850179,
    "pr_auc": 0.48056208155776603,
    "accuracy": 0.49963289280469897,
    "precision": 0.3333333333333333,
    "recall": 0.0007342143906020558,
    "f1": 0.0014652014652014652,
    "threshold": 0.014406372546494461,
    "confusion_matrix": [
      [
        1360,
        2
      ],
      [
        1361,
        1
      ]
    ],
    "tn": 1360,
    "fp": 2,
    "fn": 1361,
    "tp": 1
  },
  "multiclass_classification": {
    "good": {
      "label": 0,
      "roc_auc": 0.524354947914982,
      "pr_auc": 0.5235907331501131,
      "precision": 0.517557251908397,
      "recall": 0.7466960352422908,
      "f1": 0.6113615870153292,
      "threshold": -0.019390209992632617,
      "n_samples": 1362
    },
    "pneumonia": {
      "label": 1,
      "roc_auc": 0.49979520243636816,
      "pr_auc": 0.06351744120695421,
      "precision": 0.06247325631151048,
      "recall": 0.9012345679012346,
      "f1": 0.1168467386954782,
      "threshold": -0.019390209999888157,
      "n_samples": 162
    },
    "tuberculosis": {
      "label": 2,
      "roc_auc": 0.433685869520136,
      "pr_auc": 0.01434545440283744,
      "precision": 0.016722408026755852,
      "recall": 1.0,
      "f1": 0.03289473684210526,
      "threshold": -0.01939021000135728,
      "n_samples": 45
    },
    "class_3": {
      "label": 3,
      "roc_auc": 0.5949265230992065,
      "pr_auc": 0.01660785899620352,
      "precision": 0.021116138763197588,
      "recall": 0.7567567567567568,
      "f1": 0.041085840058694055,
      "threshold": -0.019390209779355377,
      "n_samples": 37
    },
    "class_4": {
      "label": 4,
      "roc_auc": 0.5284310172057225,
      "pr_auc": 0.03726879894102096,
      "precision": 0.03584804708400214,
      "recall": 0.7528089887640449,
      "f1": 0.06843718079673136,
      "threshold": -0.01939020998668057,
      "n_samples": 89
    },
    "class_5": {
      "label": 5,
      "roc_auc": 0.4409439227498228,
      "pr_auc": 0.02234412000637718,
      "precision": 0.04,
      "recall": 0.04411764705882353,
      "f1": 0.04195804195804196,
      "threshold": -0.019379187539098466,
      "n_samples": 68
    },
    "class_6": {
      "label": 6,
      "roc_auc": 0.47022125121376057,
      "pr_auc": 0.020676142408507854,
      "precision": 0.023655913978494623,
      "recall": 0.4074074074074074,
      "f1": 0.044715447154471545,
      "threshold": -0.019390208111419414,
      "n_samples": 54
    },
    "class_7": {
      "label": 7,
      "roc_auc": 0.46225808755266723,
      "pr_auc": 0.17357372880654565,
      "precision": 0.18927911275415896,
      "recall": 0.9980506822612085,
      "f1": 0.31821006836544435,
      "threshold": -0.01939021000139419,
      "n_samples": 513
    },
    "class_8": {
      "label": 8,
      "roc_auc": 0.49629695199315454,
      "pr_auc": 0.04454028627012963,
      "precision": 0.05714285714285714,
      "recall": 0.23931623931623933,
      "f1": 0.09225700164744646,
      "threshold": -0.01939017014575052,
      "n_samples": 117
    },
    "class_9": {
      "label": 9,
      "roc_auc": 0.5938199439362002,
      "pr_auc": 0.011702120845686314,
      "precision": 0.013725490196078431,
      "recall": 0.4117647058823529,
      "f1": 0.026565464895635674,
      "threshold": -0.019390175933721752,
      "n_samples": 17
    },
    "class_10": {
      "label": 10,
      "roc_auc": 0.46008366572623793,
      "pr_auc": 0.0065009395685070685,
      "precision": 0.007836990595611285,
      "recall": 0.5263157894736842,
      "f1": 0.015444015444015444,
      "threshold": -0.019390209711068772,
      "n_samples": 19
    },
    "class_11": {
      "label": 11,
      "roc_auc": 0.43662914555504373,
      "pr_auc": 0.016961966267179326,
      "precision": 0.019435975609756097,
      "recall": 0.9807692307692307,
      "f1": 0.03811659192825112,
      "threshold": -0.01939021000117292,
      "n_samples": 52
    },
    "class_12": {
      "label": 12,
      "roc_auc": 0.5255293614267973,
      "pr_auc": 0.07539195097221602,
      "precision": 0.08661417322834646,
      "recall": 0.5238095238095238,
      "f1": 0.14864864864864866,
      "threshold": -0.01939020940885218,
      "n_samples": 189
    }
  },
  "summary": {
    "total_samples": 2724,
    "normal_samples": 1362,
    "anomaly_samples": 1362,
    "best_roc_auc": 0.4756450520850179,
    "best_pr_auc": 0.48056208155776603,
    "best_f1": 0.0014652014652014652
  }
}