{
  "model_name": "Dual_Branch",
  "binary_classification": {
    "roc_auc": 0.5244783951216252,
    "pr_auc": 0.5222828752556441,
    "accuracy": 0.5029368575624082,
    "precision": 0.6818181818181818,
    "recall": 0.011013215859030838,
    "f1": 0.02167630057803468,
    "threshold": 3.002466371526673e-08,
    "confusion_matrix": [
      [
        1355,
        7
      ],
      [
        1347,
        15
      ]
    ],
    "tn": 1355,
    "fp": 7,
    "fn": 1347,
    "tp": 15
  },
  "multiclass_classification": {
    "good": {
      "label": 0,
      "roc_auc": 0.47552160487837486,
      "pr_auc": 0.4810220160058245,
      "precision": 0.6666666666666666,
      "recall": 0.002936857562408223,
      "f1": 0.005847953216374269,
      "threshold": 3.971906537003633e-08,
      "n_samples": 1362
    },
    "pneumonia": {
      "label": 1,
      "roc_auc": 0.6171490251635972,
      "pr_auc": 0.10214143302769954,
      "precision": 0.08035714285714286,
      "recall": 0.6666666666666666,
      "f1": 0.14342629482071714,
      "threshold": 9.503771103425152e-09,
      "n_samples": 162
    },
    "tuberculosis": {
      "label": 2,
      "roc_auc": 0.4982704989423914,
      "pr_auc": 0.018721937651891216,
      "precision": 0.018674966651845263,
      "recall": 0.9333333333333333,
      "f1": 0.036617262423714034,
      "threshold": 6.0941642843204136e-09,
      "n_samples": 45
    },
    "class_3": {
      "label": 3,
      "roc_auc": 0.662066606986592,
      "pr_auc": 0.023173137971955908,
      "precision": 0.02608695652173913,
      "recall": 0.5675675675675675,
      "f1": 0.0498812351543943,
      "threshold": 1.205106681112511e-08,
      "n_samples": 37
    },
    "class_4": {
      "label": 4,
      "roc_auc": 0.4978871287550903,
      "pr_auc": 0.03432503018599366,
      "precision": 0.03444676409185804,
      "recall": 0.7415730337078652,
      "f1": 0.0658354114713217,
      "threshold": 7.327529250034104e-09,
      "n_samples": 89
    },
    "class_5": {
      "label": 5,
      "roc_auc": 0.37532667434443656,
      "pr_auc": 0.01916278519737078,
      "precision": 0.025175860792299148,
      "recall": 1.0,
      "f1": 0.04911520404478151,
      "threshold": 2.882083904864885e-09,
      "n_samples": 68
    },
    "class_6": {
      "label": 6,
      "roc_auc": 0.5119087252046053,
      "pr_auc": 0.021925643019162278,
      "precision": 0.03232323232323232,
      "recall": 0.2962962962962963,
      "f1": 0.058287795992714025,
      "threshold": 1.4696384553758435e-08,
      "n_samples": 54
    },
    "class_7": {
      "label": 7,
      "roc_auc": 0.5013317252123223,
      "pr_auc": 0.193120527650953,
      "precision": 0.1940828402366864,
      "recall": 0.9590643274853801,
      "f1": 0.3228346456692913,
      "threshold": 4.564350675195783e-09,
      "n_samples": 513
    },
    "class_8": {
      "label": 8,
      "roc_auc": 0.497549332992371,
      "pr_auc": 0.04205361507026503,
      "precision": 0.04934464148033924,
      "recall": 0.5470085470085471,
      "f1": 0.09052333804809053,
      "threshold": 9.718934990132766e-09,
      "n_samples": 117
    },
    "class_9": {
      "label": 9,
      "roc_auc": 0.5205675916469285,
      "pr_auc": 0.007301091290972959,
      "precision": 0.012658227848101266,
      "recall": 0.23529411764705882,
      "f1": 0.024024024024024024,
      "threshold": 1.659315884694479e-08,
      "n_samples": 17
    },
    "class_10": {
      "label": 10,
      "roc_auc": 0.5323669617667088,
      "pr_auc": 0.008151313108577488,
      "precision": 0.009036144578313253,
      "recall": 0.631578947368421,
      "f1": 0.017817371937639197,
      "threshold": 9.575017223539817e-09,
      "n_samples": 19
    },
    "class_11": {
      "label": 11,
      "roc_auc": 0.48644058037770616,
      "pr_auc": 0.017911608955307176,
      "precision": 0.021469465648854963,
      "recall": 0.8653846153846154,
      "f1": 0.04189944134078212,
      "threshold": 6.646476258254097e-09,
      "n_samples": 52
    },
    "class_12": {
      "label": 12,
      "roc_auc": 0.5014380681047348,
      "pr_auc": 0.06909596575967299,
      "precision": 0.07459207459207459,
      "recall": 0.6772486772486772,
      "f1": 0.13438320209973753,
      "threshold": 8.076193047656943e-09,
      "n_samples": 189
    }
  },
  "summary": {
    "total_samples": 2724,
    "normal_samples": 1362,
    "anomaly_samples": 1362,
    "best_roc_auc": 0.5244783951216252,
    "best_pr_auc": 0.5222828752556441,
    "best_f1": 0.02167630057803468
  }
}